{
  "أسئلة": [
    {
      "السؤال": "ما هي الوظيفة الرئيسية للمعالج (CPU) في الكمبيوتر؟",
      "الخيارات": [
        "تخزين البيانات بشكل دائم",
        "معالجة البيانات وتنفيذ التعليمات",
        "عرض الصور على الشاشة",
        "توفير الطاقة للمكونات الأخرى"
      ],
      "الإجابة": 1,
      "الصعوبة": "سهل"
    },
    {
      "السؤال": "أي من هذه الوحدات تقاس بها سرعة المعالج؟",
      "الخيارات": [
        "بت في الثانية (bps)",
        "هرتز (Hz)",
        "فولت (V)",
        "واط (W)"
      ],
      "الإجابة": 1,
      "الصعوبة": "سهل"
    },
    {
      "السؤال": "ما هو الغرض الرئيسي من كرت الشاشة (GPU)؟",
      "الخيارات": [
        "تشغيل نظام التشغيل",
        "معالجة الرسومات وعمليات العرض المرئي",
        "إدارة الذاكرة العشوائية",
        "تخزين الملفات الشخصية"
      ],
      "الإجابة": 1,
      "الصعوبة": "متوسط"
    },
    {
      "السؤال": "أي من هذه التقنيات تستخدمها كروت الشاشة الحديثة لتحسين الأداء؟",
      "الخيارات": [
        "Ray Tracing",
        "Water Cooling",
        "Dual BIOS",
        "Overclocking"
      ],
      "الإجابة": 0,
      "الصعوبة": "صعب"
    },
    {
      "السؤال": "ما هي وظيفة البور سبلاي (PSU) في الكمبيوتر؟",
      "الخيارات": [
        "تحويل الطاقة الكهربائية وتوزيعها على المكونات",
        "تحسين أداء المعالج",
        "زيادة سرعة الإنترنت",
        "حماية الكمبيوتر من الفيروسات"
      ],
      "الإجابة": 0,
      "الصعوبة": "متوسط"
    },
    {
      "السؤال": "ما هي السعة النموذجية للرامات (RAM) في أجهزة الألعاب الحديثة؟",
      "الخيارات": [
        "4GB - 8GB",
        "8GB - 16GB",
        "16GB - 32GB",
        "32GB - 64GB"
      ],
      "الإجابة": 2,
      "الصعوبة": "متوسط"
    },
    {
      "السؤال": "ما الفرق الرئيسي بين ذاكرة DDR4 و DDR5؟",
      "الخيارات": [
        "الشكل الفيزيائي المختلف",
        "زيادة سرعة النقل وكفاءة الطاقة",
        "التوافق مع جميع أنواع اللوحات الأم",
        "عدم وجود فرق يذكر"
      ],
      "الإجابة": 1,
      "الصعوبة": "صعب"
    },
    {
      "السؤال": "أي من هذه المكونات مسؤول عن تخزين نظام التشغيل بشكل دائم؟",
      "الخيارات": [
        "الرام (RAM)",
        "المعالج (CPU)",
        "القرص الصلب (HDD) أو SSD",
        "كرت الشاشة (GPU)"
      ],
      "الإجابة": 2,
      "الصعوبة": "سهل"
    },
    {
      "السؤال": "ما هو دور اللوحة الأم (Motherboard) في الكمبيوتر؟",
      "الخيارات": [
        "ربط جميع المكونات مع بعضها البعض",
        "تحسين جودة الصوت",
        "زيادة سرعة الإنترنت",
        "تبريد المكونات الداخلية"
      ],
      "الإجابة": 0,
      "الصعوبة": "سهل"
    },
    {
      "السؤال": "ما هي تقنية NVMe في وحدات التخزين؟",
      "الخيارات": [
        "تقنية لزيادة سعة التخزين",
        "بروتوكول اتصال سريع لأقراص SSD",
        "نوع جديد من الأقراص الصلبة المغناطيسية",
        "طريقة لضغط الملفات"
      ],
      "الإجابة": 1,
      "الصعوبة": "صعب"
    },
    {
      "السؤال": "ما هو الغرض من نظام التبريد في الكمبيوتر؟",
      "الخيارات": [
        "تحسين جودة الصورة",
        "منع ارتفاع درجة حرارة المكونات",
        "زيادة سرعة المعالج",
        "تقليل استهلاك الطاقة"
      ],
      "الإجابة": 1,
      "الصعوبة": "متوسط"
    },
    {
      "السؤال": "أي من هذه المنافذ يستخدم عادة لتوصيل شاشة خارجية بدقة عالية؟",
      "الخيارات": [
        "USB-C",
        "HDMI 2.1",
        "Ethernet",
        "3.5mm Audio Jack"
      ],
      "الإجابة": 1,
      "الصعوبة": "متوسط"
    },
    {
      "السؤال": "ما هو الفرق بين شريحة معالجة Intel Core i7 و i9 من الجيل نفسه؟",
      "الخيارات": [
        "عدد النوى والخيوط الأعلى في i9",
        "i7 أسرع دائماً من i9",
        "i9 لا يدعم الترددات العالية",
        "لا يوجد فرق يذكر"
      ],
      "الإجابة": 0,
      "الصعوبة": "صعب"
    },
    {
      "السؤال": "ما هي ميزة G-Sync أو FreeSync في الشاشات؟",
      "الخيارات": [
        "تحسين تزامن معدل التحديث مع كرت الشاشة",
        "زيادة سطوع الشاشة",
        "تحسين دقة الألوان",
        "تقليل استهلاك الطاقة"
      ],
      "الإجابة": 0,
      "الصعوبة": "صعب"
    },
    {
      "السؤال": "ما هو نوع الذاكرة المستخدم في كروت الشاشة (VRAM)؟",
      "الخيارات": [
        "DDR3",
        "GDDR6",
        "SRAM",
        "ROM"
      ],
      "الإجابة": 1,
      "الصعوبة": "متوسط"
    },
    {
      "السؤال": "ما هو الفرق بين HDD و SSD؟",
      "الخيارات": [
        "SSD أسرع ولكن أغلى ثمناً",
        "HDD أكثر متانة ضد الصدمات",
        "SSD يستخدم أقراص مغناطيسية",
        "لا يوجد فرق في السرعة"
      ],
      "الإجابة": 0,
      "الصعوبة": "سهل"
    },
    {
      "السؤال": "ما هي وظيفة وحدة المعالجة المركزية (CPU)؟",
      "الخيارات": [
        "تخزين البيانات المؤقتة",
        "تنفيذ التعليمات البرمجية",
        "عرض الصور على الشاشة",
        "توصيل الإنترنت"
      ],
      "الإجابة": 1,
      "الصعوبة": "سهل"
    },
    {
      "السؤال": "ما هو الغرض من ذاكرة التخزين المؤقت (Cache) في المعالج؟",
      "الخيارات": [
        "تخزين الملفات الكبيرة",
        "تسريع الوصول إلى البيانات المستخدمة بكثرة",
        "زيادة سعة التخزين الدائمة",
        "تحسين جودة الصوت"
      ],
      "الإجابة": 1,
      "الصعوبة": "متوسط"
    },
    {
      "السؤال": "ما هو نوع التوصيل المستخدم في أقراص NVMe SSD؟",
      "الخيارات": [
        "SATA",
        "PCIe",
        "USB",
        "HDMI"
      ],
      "الإجابة": 1,
      "الصعوبة": "صعب"
    },
    {
      "السؤال": "ما هو دور مروحة المعالج (CPU Cooler)؟",
      "الخيارات": [
        "زيادة سرعة المعالج",
        "تقليل استهلاك الطاقة",
        "تبريد المعالج ومنع ارتفاع حرارته",
        "تحسين جودة الصورة"
      ],
      "الإجابة": 2,
      "الصعوبة": "سهل"
    },
    {
      "السؤال": "ما هي السعة التخزينية النموذجية للقرص الصلب (HDD) في أجهزة الكمبيوتر الحديثة؟",
      "الخيارات": [
        "50GB - 250GB",
        "250GB - 1TB",
        "1TB - 10TB",
        "10TB - 50TB"
      ],
      "الإجابة": 2,
      "الصعوبة": "سهل"
    },
    {
      "السؤال": "ما هو الفرق بين UEFI و BIOS؟",
      "الخيارات": [
        "UEFI أقدم من BIOS",
        "UEFI واجهة أكثر تطوراً مع دعم لأقراص أكبر",
        "لا يوجد فرق بينهما",
        "BIOS أسرع من UEFI"
      ],
      "الإجابة": 1,
      "الصعوبة": "صعب"
    },
    {
      "السؤال": "ما هو الغرض من منفذ USB Type-C؟",
      "الخيارات": [
        "توصيل الشاشات فقط",
        "شحن الأجهزة ونقل البيانات بسرعة عالية",
        "توصيل كابل الشبكة",
        "تشغيل السماعات فقط"
      ],
      "الإجابة": 1,
      "الصعوبة": "متوسط"
    },
    {
      "السؤال": "ما هي تقنية Hyper-Threading في المعالجات؟",
      "الخيارات": [
        "زيادة سرعة الذاكرة العشوائية",
        "تمكين كل نواة فيزيائية من معالجة خيطين في نفس الوقت",
        "تحسين أداء كرت الشاشة",
        "تقليل استهلاك الطاقة"
      ],
      "الإجابة": 1,
      "الصعوبة": "صعب"
    },
    {
      "السؤال": "ما هو دور وحدة التحكم في الذاكرة (Memory Controller)؟",
      "الخيارات": [
        "إدارة تدفق البيانات بين المعالج والذاكرة",
        "تحسين أداء كرت الشاشة",
        "زيادة سعة التخزين",
        "تحسين جودة الصوت"
      ],
      "الإجابة": 0,
      "الصعوبة": "صعب"
    },
    {
      "السؤال": "ما هو المعيار الأحدث في اتصالات Wi-Fi؟",
      "الخيارات": [
        "Wi-Fi 4 (802.11n)",
        "Wi-Fi 5 (802.11ac)",
        "Wi-Fi 6 (802.11ax)",
        "Wi-Fi 7 (802.11be)"
      ],
      "الإجابة": 3,
      "الصعوبة": "متوسط"
    },
    {
      "السؤال": "ما هي ميزة DLSS في كروت الشاشة؟",
      "الخيارات": [
        "تحسين جودة الصوت",
        "زيادة سرعة الإنترنت",
        "تحسين جودة الصورة باستخدام الذكاء الاصطناعي",
        "تقليل استهلاك الطاقة"
      ],
      "الإجابة": 2,
      "الصعوبة": "صعب"
    },
    {
      "السؤال": "ما هو الفرق بين كرت الشاشة المدمج والمستقل؟",
      "الخيارات": [
        "المستقل أضعف من المدمج",
        "المستقل له ذاكرة خاصة به وأداء أعلى",
        "المدمج لا يعمل مع الشاشات الخارجية",
        "لا يوجد فرق في الأداء"
      ],
      "الإجابة": 1,
      "الصعوبة": "متوسط"
    },
    {
      "السؤال": "ما هو دور وحدة المعالجة الرسومية (GPU)؟",
      "الخيارات": [
        "إدارة نظام التشغيل",
        "معالجة الرسومات والعمليات المتوازية",
        "تخزين الملفات الشخصية",
        "تشغيل تطبيقات المكتب"
      ],
      "الإجابة": 1,
      "الصعوبة": "سهل"
    },
    {
      "السؤال": "ما هي ميزة RGB في مكونات الحاسوب؟",
      "الخيارات": [
        "تحسين الأداء",
        "إضاءة ملونة لتخصيص المظهر",
        "زيادة سرعة التبريد",
        "تقليل استهلاك الطاقة"
      ],
      "الإجابة": 1,
      "الصعوبة": "سهل"
    },
    {
      "السؤال": "ما هو الغرض من بطاقة الصوت (Sound Card)؟",
      "الخيارات": [
        "تحسين جودة الصوت وإخراجه",
        "زيادة سرعة الإنترنت",
        "تحسين أداء المعالج",
        "زيادة سعة الذاكرة"
      ],
      "الإجابة": 0,
      "الصعوبة": "سهل"
    },
    {
      "السؤال": "ما هي تقنية RAID في التخزين؟",
      "الخيارات": [
        "طريقة لربط عدة أقراص معاً لأغراض مختلفة",
        "نوع جديد من المعالجات",
        "تقنية لتحسين أداء كرت الشاشة",
        "نظام تبريد متقدم"
      ],
      "الإجابة": 0,
      "الصعوبة": "صعب"
    },
    {
      "السؤال": "ما هو دور وحدة إمداد الطاقة غير المنقطعة (UPS)؟",
      "الخيارات": [
        "زيادة سرعة الإنترنت",
        "توفير طاقة احتياطية عند انقطاع الكهرباء",
        "تحسين أداء المعالج",
        "زيادة سعة التخزين"
      ],
      "الإجابة": 1,
      "الصعوبة": "متوسط"
    },
    {
      "السؤال": "ما هو الفرق بين شاشات LCD و OLED؟",
      "الخيارات": [
        "OLED تستخدم إضاءة خلفية بينما LCD لا تستخدم",
        "LCD تعطي ألواناً أكثر دقة من OLED",
        "OLED توفر تبايناً أعلى وأسوداً أكثر نقاءً",
        "لا يوجد فرق يذكر بينهما"
      ],
      "الإجابة": 2,
      "الصعوبة": "متوسط"
    },
    {
      "السؤال": "ما هي سرعة نقل البيانات النظرية لتقنية USB 3.2 Gen 2x2؟",
      "الخيارات": [
        "5Gbps",
        "10Gbps",
        "20Gbps",
        "40Gbps"
      ],
      "الإجابة": 2,
      "الصعوبة": "صعب"
    },
    {
      "السؤال": "ما هو الغرض من منفذ Thunderbolt؟",
      "الخيارات": [
        "توصيل الشاشات فقط",
        "نقل البيانات بسرعات عالية وشحن الأجهزة",
        "توصيل كابل الهاتف",
        "تشغيل السماعات فقط"
      ],
      "الإجابة": 1,
      "الصعوبة": "متوسط"
    },
    {
      "السؤال": "ما هي ميزة TPM في اللوحات الأم؟",
      "الخيارات": [
        "تحسين أداء كرت الشاشة",
        "زيادة سرعة الإنترنت",
        "توفير أمان متقدم للتشفير",
        "زيادة سعة التخزين"
      ],
      "الإجابة": 2,
      "الصعوبة": "صعب"
    },
    {
      "السؤال": "ما هو دور وحدة معالجة الشبكة (NPU)؟",
      "الخيارات": [
        "تحسين أداء الألعاب",
        "تسريع عمليات الشبكة والاتصالات",
        "زيادة سعة الذاكرة",
        "تحسين جودة الصوت"
      ],
      "الإجابة": 1,
      "الصعوبة": "صعب"
    },
    {
      "السؤال": "ما هي تقنية HDR في الشاشات؟",
      "الخيارات": [
        "نطاق ديناميكي عالي للألوان والتباين",
        "زيادة سرعة الاستجابة",
        "تقليل استهلاك الطاقة",
        "زيادة زاوية الرؤية"
      ],
      "الإجابة": 0,
      "الصعوبة": "متوسط"
    },
    {
      "السؤال": "ما هو الفرق بين معمارية x86 و ARM؟",
      "الخيارات": [
        "x86 للأجهزة الصغيرة فقط",
        "ARM أكثر كفاءة في استهلاك الطاقة",
        "لا يوجد فرق في الأداء",
        "ARM أسرع في جميع التطبيقات"
      ],
      "الإجابة": 1,
      "الصعوبة": "صعب"
    },
    {
      "السؤال": "ما هي ميزة PCIe 4.0 مقارنة بـ PCIe 3.0؟",
      "الخيارات": [
        "ضعف سرعة النقل",
        "زيادة استهلاك الطاقة",
        "توافق مع أجهزة أقدم",
        "تقليل حجم المنفذ"
      ],
      "الإجابة": 0,
      "الصعوبة": "صعب"
    },
    {
      "السؤال": "ما هو دور وحدة معالجة الإشارة الرقمية (DSP)؟",
      "الخيارات": [
        "تحسين أداء الألعاب",
        "معالجة الإشارات الصوتية والمرئية بكفاءة",
        "زيادة سرعة الإنترنت",
        "إدارة الذاكرة العشوائية"
      ],
      "الإجابة": 1,
      "الصعوبة": "صعب"
    },
    {
      "السؤال": "ما هي ميزة Adaptive Sync في الشاشات؟",
      "الخيارات": [
        "تقليل استهلاك الطاقة",
        "تزامن معدل التحديث مع إخراج كرت الشاشة",
        "زيادة سطوع الشاشة",
        "تحسين زاوية الرؤية"
      ],
      "الإجابة": 1,
      "الصعوبة": "متوسط"
    },
    {
      "السؤال": "ما هو الفرق بين تقنيتي FreeSync و G-Sync؟",
      "الخيارات": [
        "FreeSync من Intel و G-Sync من AMD",
        "G-Sync يتطلب معالجاً خاصاً في الشاشة",
        "FreeSync يدعم دقة 8K فقط",
        "لا يوجد فرق بينهما"
      ],
      "الإجابة": 1,
      "الصعوبة": "صعب"
    },
    {
      "السؤال": "ما هي سرعة نقل البيانات النظرية لـ PCIe 5.0 x16؟",
      "الخيارات": [
        "16GT/s",
        "32GT/s",
        "64GT/s",
        "128GT/s"
      ],
      "الإجابة": 2,
      "الصعوبة": "صعب"
    },
    {
      "السؤال": "ما هو دور وحدة معالجة الفيديو (VPU)؟",
      "الخيارات": [
        "تحسين أداء الألعاب",
        "معالجة وتشفير/فك تشفير الفيديو بكفاءة",
        "زيادة سرعة الإنترنت",
        "إدارة الذاكرة العشوائية"
      ],
      "الإجابة": 1,
      "الصعوبة": "صعب"
    },
    {
      "السؤال": "ما هي ميزة DirectStorage في Windows؟",
      "الخيارات": [
        "تحسين أداء الألعاب عبر تقليل وقت التحميل",
        "زيادة سرعة الإنترنت",
        "تحسين جودة الصوت",
        "تقليل استهلاك الطاقة"
      ],
      "الإجابة": 0,
      "الصعوبة": "صعب"
    },
    {
      "السؤال": "ما هو الفرق بين SATA و NVMe في أقراص SSD؟",
      "الخيارات": [
        "NVMe أبطأ من SATA",
        "NVMe يستخدم منفذ PCIe لأداء أعلى",
        "SATA يدعم سرعات أعلى من NVMe",
        "لا يوجد فرق في الأداء"
      ],
      "الإجابة": 1,
      "الصعوبة": "متوسط"
    },
    {
      "السؤال": "ما هي ميزة Resizable BAR في كروت الشاشة؟",
      "الخيارات": [
        "زيادة سعة الذاكرة",
        "تحسين أداء الألعاب عبر الوصول الكامل للذاكرة",
        "تقليل استهلاك الطاقة",
        "تحسين جودة الصوت"
      ],
      "الإجابة": 1,
      "الصعوبة": "صعب"
    },
    {
      "السؤال": "ما هو دور وحدة معالجة الذكاء الاصطناعي (AI Accelerator)؟",
      "الخيارات": [
        "تحسين أداء الألعاب",
        "تسريع عمليات التعلم الآلي والذكاء الاصطناعي",
        "زيادة سرعة الإنترنت",
        "إدارة الذاكرة العشوائية"
      ],
      "الإجابة": 1,
      "الصعوبة": "صعب"
    },
    {
      "السؤال": "ما هي ميزة Dynamic Boost في كروت شاشة NVIDIA؟",
      "الخيارات": [
        "زيادة سعة الذاكرة ديناميكياً",
        "توزيع الطاقة بشكل ديناميكي بين المعالج وكرت الشاشة",
        "تقليل استهلاك الطاقة",
        "تحسين جودة الصوت"
      ],
      "الإجابة": 1,
      "الصعوبة": "صعب"
    },
    {
      "السؤال": "ما هو الفرق بين DDR5 و GDDR6 في الذواكر؟",
      "الخيارات": [
        "GDDR6 للمعالجات و DDR5 لكروت الشاشة",
        "DDR5 للذاكرة العشوائية و GDDR6 لكرت الشاشة",
        "لا يوجد فرق بينهما",
        "GDDR6 أبطأ من DDR5"
      ],
      "الإجابة": 1,
      "الصعوبة": "صعب"
    },
    {
      "السؤال": "ما هي سرعة نقل البيانات النظرية لـ Thunderbolt 4؟",
      "الخيارات": [
        "10Gbps",
        "20Gbps",
        "40Gbps",
        "80Gbps"
      ],
      "الإجابة": 2,
      "الصعوبة": "صعب"
    },
    {
      "السؤال": "ما هو دور وحدة معالجة الرؤية (VPU)؟",
      "الخيارات": [
        "تحسين أداء الألعاب",
        "معالجة مهام الرؤية الحاسوبية بكفاءة",
        "زيادة سرعة الإنترنت",
        "إدارة الذاكرة العشوائية"
      ],
      "الإجابة": 1,
      "الصعوبة": "صعب"
    },
    {
      "السؤال": "ما هي ميزة Smart Access Memory في أجهزة AMD؟",
      "الخيارات": [
        "زيادة سعة الذاكرة ديناميكياً",
        "تمكين المعالج من الوصول الكامل إلى ذاكرة كرت الشاشة",
        "تقليل استهلاك الطاقة",
        "تحسين جودة الصوت"
      ],
      "الإجابة": 1,
      "الصعوبة": "صعب"
    },
    {
      "السؤال": "ما هو الفرق بين معماريات Turing و Ampere في كروت NVIDIA؟",
      "الخيارات": [
        "Ampere أقدم من Turing",
        "Turing تدعم Ray Tracing بينما Ampere لا تدعم",
        "Ampere توفر أداءً أفضل وكفاءة أعلى",
        "لا يوجد فرق بينهما"
      ],
      "الإجابة": 2,
      "الصعوبة": "صعب"
    },
    {
      "السؤال": "ما هي سرعة نقل البيانات النظرية لـ USB4؟",
      "الخيارات": [
        "10Gbps",
        "20Gbps",
        "40Gbps",
        "80Gbps"
      ],
      "الإجابة": 2,
      "الصعوبة": "صعب"
    },
    {
      "السؤال": "ما هو دور وحدة معالجة الشبكة العصبية (NPU)؟",
      "الخيارات": [
        "تحسين أداء الألعاب",
        "تسريع عمليات التعلم العميق والشبكات العصبية",
        "زيادة سرعة الإنترنت",
        "إدارة الذاكرة العشوائية"
      ],
      "الإجابة": 1,
      "الصعوبة": "صعب"
    },
    {
      "السؤال": "ما هي ميزة Infinity Cache في كروت AMD؟",
      "خيارات": [
        "زيادة سعة الذاكرة الرئيسية",
        "ذاكرة تخزين مؤقت كبيرة لتقليل زمن الوصول",
        "تقليل استهلاك الطاقة",
        "تحسين جودة الصوت"
      ],
      "الإجابة": 1,
      "الصعوبة": "صعب"
    },
    {
      "السؤال": "ما هو الفرق بين تقنيتي DLSS و FSR؟",
      "الخيارات": [
        "DLSS من AMD و FSR من NVIDIA",
        "DLSS يعتمد على الذكاء الاصطناعي بينما FSR لا يعتمد",
        "FSR يحتاج إلى معالج خاص في الشاشة",
        "لا يوجد فرق بينهما"
      ],
      "الإجابة": 1,
      "الصعوبة": "صعب"
    },
    {
      "السؤال": "ما هي سرعة نقل البيانات النظرية لـ PCIe 6.0 x16؟",
      "الخيارات": [
        "32GT/s",
        "64GT/s",
        "128GT/s",
        "256GT/s"
      ],
      "الإجابة": 2,
      "الصعوبة": "صعب"
    },
    {
      "السؤال": "ما هو دور وحدة معالجة التشفير (Cryptographic Accelerator)؟",
      "الخيارات": [
        "تحسين أداء الألعاب",
        "تسريع عمليات التشفير وفك التشفير",
        "زيادة سرعة الإنترنت",
        "إدارة الذاكرة العشوائية"
      ],
      "الإجابة": 1,
      "الصعوبة": "صعب"
    },
    {
      "السؤال": "ما هي ميزة SAM (Smart Access Memory)؟",
      "الخيارات": [
        "زيادة سرعة الإنترنت",
        "تمكين المعالج من الوصول الكامل لذواكر GPU",
        "تقليل استهلاك الطاقة",
        "تحسين جودة الصوت"
      ],
      "الإجابة": 1,
      "الصعوبة": "صعب"
    },
    {
      "السؤال": "ما هو الفرق بين تقنيتي Ray Tracing و Path Tracing؟",
      "الخيارات": [
        "Path Tracing أقدم من Ray Tracing",
        "Ray Tracing يحسب مساراً واحداً للضوء بينما Path Tracing يحسب عدة مسارات",
        "لا يوجد فرق بينهما",
        "Path Tracing أسرع من Ray Tracing"
      ],
      "الإجابة": 1,
      "الصعوبة": "صعب"
    },
    {
      "السؤال": "ما هي سرعة نقل البيانات النظرية لـ Thunderbolt 5؟",
      "الخيارات": [
        "40Gbps",
        "80Gbps",
        "120Gbps",
        "160Gbps"
      ],
      "الإجابة": 1,
      "الصعوبة": "صعب"
    },
    {
      "السؤال": "ما هو دور وحدة معالجة الفيزياء (PPU)؟",
      "الخيارات": [
        "تحسين أداء الألعاب",
        "حساب المحاكاة الفيزيائية في الألعاب والتطبيقات",
        "زيادة سرعة الإنترنت",
        "إدارة الذاكرة العشوائية"
      ],
      "الإجابة": 1,
      "الصعوبة": "صعب"
    },
    {
      "السؤال": "ما هي ميزة XeSS من Intel؟",
      "الخيارات": [
        "تقنية لتحسين جودة الصوت",
        "تقنية تشبيه للـ DLSS من NVIDIA",
        "زيادة سرعة الإنترنت",
        "تحسين كفاءة الطاقة"
      ],
      "الإجابة": 1,
      "الصعوبة": "صعب"
    },
    {
      "السؤال": "ما هو الفرق بين معماريتي RDNA 2 و RDNA 3 من AMD؟",
      "الخيارات": [
        "RDNA 3 أقدم من RDNA 2",
        "RDNA 3 توفر كفاءة طاقة أفضل وأداء أعلى",
        "لا يوجد فرق بينهما",
        "RDNA 2 يدعم Ray Tracing بينما RDNA 3 لا يدعم"
      ],
      "الإجابة": 1,
      "الصعوبة": "صعب"
    },
    {
      "السؤال": "ما هي سرعة نقل البيانات النظرية لـ DisplayPort 2.1؟",
      "الخيارات": [
        "20Gbps",
        "40Gbps",
        "80Gbps",
        "120Gbps"
      ],
      "الإجابة": 2,
      "الصعوبة": "صعب"
    },
    {
      "السؤال": "ما هو دور وحدة معالجة الراديو (RPU)؟",
      "الخيارات": [
        "تحسين أداء الألعاب",
        "معالجة إشارات الراديو والاتصالات اللاسلكية",
        "زيادة سرعة الإنترنت",
        "إدارة الذاكرة العشوائية"
      ],
      "الإجابة": 1,
      "الصعوبة": "صعب"
    },
    {
      "السؤال": "ما هي ميزة AV1 Codec في كروت الشاشة الحديثة؟",
      "الخيارات": [
        "تحسين جودة الصوت",
        "تشفير وفك تشفير الفيديو بكفاءة أعلى",
        "زيادة سرعة الإنترنت",
        "تحسين كفاءة الطاقة"
      ],
      "الإجابة": 1,
      "الصعوبة": "صعب"
    },
    {
      "السؤال": "ما هو الفرق بين تقنيتي FSR 2.0 و FSR 3.0؟",
      "الخيارات": [
        "FSR 3.0 أقدم من FSR 2.0",
        "FSR 3.0 تضيف تقنية Frame Generation",
        "لا يوجد فرق بينهما",
        "FSR 2.0 يدعم دقة 8K بينما FSR 3.0 لا يدعم"
      ],
      "الإجابة": 1,
      "الصعوبة": "صعب"
    },
    {
      "السؤال": "ما هي سرعة نقل البيانات النظرية لـ HDMI 2.1؟",
      "الخيارات": [
        "18Gbps",
        "32Gbps",
        "48Gbps",
        "64Gbps"
      ],
      "الإجابة": 2,
      "الصعوبة": "صعب"
    },
    {
      "السؤال": "ما هو دور وحدة معالجة الحساسات (SPU)؟",
      "الخيارات": [
        "تحسين أداء الألعاب",
        "معالجة بيانات الحساسات المختلفة",
        "زيادة سرعة الإنترنت",
        "إدارة الذاكرة العشوائية"
      ],
      "الإجابة": 1,
      "الصعوبة": "صعب"
    },
    {
      "السؤال": "ما هي ميزة Reflex في كروت NVIDIA؟",
      "الخيارات": [
        "تقليل زمن الاستجابة في الألعاب",
        "زيادة سرعة الإنترنت",
        "تحسين جودة الصوت",
        "تحسين كفاءة الطاقة"
      ],
      "الإجابة": 0,
      "الصعوبة": "صعب"
    },
    {
      "السؤال": "ما هو الفرق بين تقنيتي DLSS 2 و DLSS 3؟",
      "الخيارات": [
        "DLSS 3 أقدم من DLSS 2",
        "DLSS 3 تضيف تقنية Frame Generation",
        "لا يوجد فرق بينهما",
        "DLSS 2 يدعم دقة 8K بينما DLSS 3 لا يدعم"
      ],
      "الإجابة": 1,
      "الصعوبة": "صعب"
    },
    {
      "السؤال": "ما هي سرعة نقل البيانات النظرية لـ PCIe 7.0 x16؟",
      "الخيارات": [
        "64GT/s",
        "128GT/s",
        "256GT/s",
        "512GT/s"
      ],
      "الإجابة": 1,
      "الصعوبة": "صعب"
    },
    {
      "السؤال": "ما هو دور وحدة معالجة الذكاء الاصطناعي المخصصة (AI Core)؟",
      "الخيارات": [
        "تحسين أداء الألعاب",
        "تسريع عمليات التعلم الآلي والذكاء الاصطناعي",
        "زيادة سرعة الإنترنت",
        "إدارة الذاكرة العشوائية"
      ],
      "الإجابة": 1,
      "الصعوبة": "صعب"
    },
    {
      "السؤال": "ما هي ميزة 3D V-Cache في معالجات AMD؟",
      "الخيارات": [
        "زيادة سرعة الإنترنت",
        "إضافة ذاكرة تخزين مؤقت عمودية لأداء أفضل",
        "تحسين جودة الصوت",
        "تحسين كفاءة الطاقة"
      ],
      "الإجابة": 1,
      "الصعوبة": "صعب"
    },
    {
      "السؤال": "ما هو الفرق بين تقنيتي Ray Tracing و Global Illumination؟",
      "الخيارات": [
        "Global Illumination أقدم من Ray Tracing",
        "Global Illumination تحاكي تفاعل الضوء مع البيئة بشكل شامل",
        "لا يوجد فرق بينهما",
        "Ray Tracing يدعمه فقط NVIDIA بينما Global Illumination للجميع"
      ],
      "الإجابة": 1,
      "الصعوبة": "صعب"
    },
    {
      "السؤال": "ما هي سرعة نقل البيانات النظرية لـ USB4 v2.0؟",
      "الخيارات": [
        "40Gbps",
        "80Gbps",
        "120Gbps",
        "160Gbps"
      ],
      "الإجابة": 1,
      "الصعوبة": "صعب"
    },
    {
      "السؤال": "ما هو دور وحدة معالجة الرسومات المتكاملة (iGPU)؟",
      "الخيارات": [
        "معالجة الرسومات الأساسية بدون الحاجة لكرت شاشة منفصل",
        "زيادة سرعة الإنترنت",
        "تحسين جودة الصوت",
        "إدارة الذاكرة العشوائية"
      ],
      "الإجابة": 0,
      "الصعوبة": "متوسط"
    },
    {
      "السؤال": "ما هي ميزة Hybrid Cooling في كروت الشاشة؟",
      "الخيارات": [
        "استخدام التبريد الهوائي والسائل معاً",
        "زيادة سرعة الإنترنت",
        "تحسين جودة الصوت",
        "تحسين كفاءة الطاقة"
      ],
      "الإجابة": 0,
      "الصعوبة": "صعب"
    },
    {
      "السؤال": "ما هو الفرق بين تقنيتي VRR و LFC في الشاشات؟",
      "الخيارات": [
        "VRR أقدم من LFC",
        "LFC تمنع تمزق الصورة عند انخفاض معدل التحديث",
        "لا يوجد فرق بينهما",
        "VRR تدعمها فقط NVIDIA بينما LFC للجميع"
      ],
      "الإجابة": 1,
      "الصعوبة": "صعب"
    },
    {
      "السؤال": "ما هي سرعة نقل البيانات النظرية لـ Thunderbolt 6؟",
      "الخيارات": [
        "80Gbps",
        "120Gbps",
        "160Gbps",
        "240Gbps"
      ],
      "الإجابة": 0,
      "الصعوبة": "صعب"
    },
    {
      "السؤال": "ما هو دور وحدة معالجة الرؤية الحاسوبية (VPU)؟",
      "الخيارات": [
        "تحسين أداء الألعاب",
        "معالجة مهام الرؤية الحاسوبية والتعرف على الصور",
        "زيادة سرعة الإنترنت",
        "إدارة الذاكرة العشوائية"
      ],
      "الإجابة": 1,
      "الصعوبة": "صعب"
    },
    {
      "السؤال": "ما هي ميزة Dynamic Cache في معالجات Apple؟",
      "الخيارات": [
        "زيادة سرعة الإنترنت",
        "توزيع ذاكرة التخزين المؤقت ديناميكياً حسب الحاجة",
        "تحسين جودة الصوت",
        "تحسين كفاءة الطاقة"
      ],
      "الإجابة": 1,
      "الصعوبة": "صعب"
    },
    {
      "السؤال": "ما هو الفرق بين تقنيتي Mesh Shading و Primitive Shading؟",
      "الخيارات": [
        "Mesh Shading أقدم من Primitive Shading",
        "Mesh Shading تتيح معالجة أكثر كفاءة للهندسة المعقدة",
        "لا يوجد فرق بينهما",
        "Primitive Shading تدعمها فقط NVIDIA"
      ],
      "الإجابة": 1,
      "الصعوبة": "صعب"
    },
    {
      "السؤال": "ما هي سرعة نقل البيانات النظرية لـ PCIe 8.0 x16؟",
      "الخيارات": [
        "128GT/s",
        "256GT/s",
        "512GT/s",
        "1024GT/s"
      ],
      "الإجابة": 1,
      "الصعوبة": "صعب"
    },
    {
      "السؤال": "ما هو دور وحدة معالجة التشفير الكمي (QPU)؟",
      "الخيارات": [
        "تحسين أداء الألعاب",
        "معالجة خوارزميات التشفير الكمي",
        "زيادة سرعة الإنترنت",
        "إدارة الذاكرة العشوائية"
      ],
      "الإجابة": 1,
      "الصعوبة": "صعب"
    },
    {
      "السؤال": "ما هي ميزة Path Tracing في الرسومات؟",
      "الخيارات": [
        "تقنية لتحسين جودة الصوت",
        "محاكاة أكثر واقعية للضوء عبر تتبع مسارات متعددة",
        "زيادة سرعة الإنترنت",
        "تحسين كفاءة الطاقة"
      ],
      "الإجابة": 1,
      "الصعوبة": "صعب"
    },
    {
      "السؤال": "ما هو الفرق بين معماريتي Ada Lovelace و Ampere من NVIDIA؟",
      "الخيارات": [
        "Ada Lovelace أقدم من Ampere",
        "Ada Lovelace توفر أداءً أعلى وكفاءة أفضل",
        "لا يوجد فرق بينهما",
        "Ampere تدعم Ray Tracing بينما Ada Lovelace لا تدعم"
      ],
      "الإجابة": 1,
      "الصعوبة": "صعب"
    },
    {
      "السؤال": "ما هي سرعة نقل البيانات النظرية لـ USB5؟",
      "الخيارات": [
        "40Gbps",
        "80Gbps",
        "160Gbps",
        "320Gbps"
      ],
      "الإجابة": 1,
      "الصعوبة": "صعب"
    },
    {
      "السؤال": "ما هو دور وحدة معالجة الشبكة العصبية المخصصة (NPU)؟",
      "الخيارات": [
        "تحسين أداء الألعاب",
        "تسريع عمليات التعلم العميق بكفاءة عالية",
        "زيادة سرعة الإنترنت",
        "إدارة الذاكرة العشوائية"
      ],
      "الإجابة": 1,
      "الصعوبة": "صعب"
    },
    {
      "السؤال": "ما هي ميزة Chiplet Design في المعالجات الحديثة؟",
      "الخيارات": [
        "زيادة سرعة الإنترنت",
        "تصميم وحدات صغيرة متخصصة لتحسين الأداء والكفاءة",
        "تحسين جودة الصوت",
        "تحسين كفاءة الطاقة"
      ],
      "الإجابة": 1,
      "الصعوبة": "صعب"
    },
    {
      "السؤال": "ما هو الفرق بين تقنيتي Variable Rate Shading و Mesh Shading؟",
      "الخيارات": [
        "كلاهما نفس التقنية",
        "VRS تخصص موارد التظليل حسب الأهمية البصرية",
        "Mesh Shading أقدم من VRS",
        "VRS تدعمها فقط AMD"
      ],
      "الإجابة": 1,
      "الصعوبة": "صعب"
    },
    {
      "السؤال": "ما هي سرعة نقل البيانات النظرية لـ DisplayPort 3.0؟",
      "الخيارات": [
        "80Gbps",
        "120Gbps",
        "160Gbps",
        "240Gbps"
      ],
      "الإجابة": 0,
      "الصعوبة": "صعب"
    },
    {
      "السؤال": "ما هو دور وحدة معالجة الفيديو المخصصة (VPU)؟",
      "الخيارات": [
        "تحسين أداء الألعاب",
        "معالجة تشفير وفك تشفير الفيديو بكفاءة عالية",
        "زيادة سرعة الإنترنت",
        "إدارة الذاكرة العشوائية"
      ],
      "الإجابة": 1,
      "الصعوبة": "صعب"
    },
    {
      "السؤال": "ما هي ميزة Real-Time Ray Tracing في كروت الشاشة؟",
      "الخيارات": [
        "تقنية لتحسين جودة الصوت",
        "محاكاة تفاعلات الضوء في الوقت الحقيقي",
        "زيادة سرعة الإنترنت",
        "تحسين كفاءة الطاقة"
      ],
      "الإجابة": 1,
      "الصعوبة": "صعب"
    },
    {
      "السؤال": "ما هو الفرق بين معماريتي RDNA 3 و RDNA 4 من AMD؟",
      "الخيارات": [
        "RDNA 4 أقدم من RDNA 3",
        "RDNA 4 تتوقع أن توفر أداءً وكفاءة أفضل",
        "لا يوجد فرق بينهما",
        "RDNA 3 تدعم Ray Tracing بينما RDNA 4 لا تدعم"
      ],
      "الإجابة": 1,
      "الصعوبة": "صعب"
    },
    {
      "السؤال": "ما هي سرعة نقل البيانات النظرية لـ HDMI 3.0؟",
      "الخيارات": [
        "48Gbps",
        "96Gbps",
        "144Gbps",
        "192Gbps"
      ],
      "الإجابة": 0,
      "الصعوبة": "صعب"
    },
    {
      "السؤال": "ما هو دور وحدة معالجة الذكاء الاصطناعي المخصصة (AI Engine)؟",
      "الخيارات": [
        "تحسين أداء الألعاب",
        "تسريع عمليات التعلم الآلي والذكاء الاصطناعي",
        "زيادة سرعة الإنترنت",
        "إدارة الذاكرة العشوائية"
      ],
      "الإجابة": 1,
      "الصعوبة": "صعب"
    },
    {
      "السؤال": "ما هي ميزة Multi-Chip Module (MCM) في المعالجات؟",
      "الخيارات": [
        "زيادة سرعة الإنترنت",
        "دمج عدة شرائح في حزمة واحدة لتحسين الأداء",
        "تحسين جودة الصوت",
        "تحسين كفاءة الطاقة"
      ],
      "الإجابة": 1,
      "الصعوبة": "صعب"
    },
    {
      "السؤال": "ما هو الفرق بين تقنيتي Frame Generation و Super Resolution؟",
      "الخيارات": [
        "كلاهما نفس التقنية",
        "Frame Generation تضيف إطارات بينية بينما Super Resolution تحسن الدقة",
        "Super Resolution أقدم من Frame Generation",
        "Frame Generation تدعمها فقط AMD"
      ],
      "الإجابة": 1,
      "الصعوبة": "صعب"
    }
  ]
}